{"shrec": {"spearman": 0.3916294711578846, "acc": 0.215, "acc combo": 0.23}, "pca": {"spearman": 0.2051964931059724, "acc": 0.04, "acc combo": 0.065}, "sfa": {"spearman": 0.3018101582806331, "acc": 0.175, "acc combo": 0.175}, "hn": {"spearman": 0.0864818353971544, "acc": 0.19, "acc combo": 0.17}, "ica": {"spearman": 0.2051964931059724, "acc": 0.04, "acc combo": 0.065}, "kf": {"spearman": 0.23888360673442688, "acc": 0.15, "acc combo": 0.19}, "cca": {"spearman": 0.28916317919230033, "acc": 0.165, "acc combo": 0.13}, "fpca": {"spearman": 0.15785515366061464, "acc": 0.165, "acc combo": 0.17}, "dca": {"spearman": 0.18069190836763352, "acc": 0.04, "acc combo": 0.055}, "gpfa": {"spearman": 0.1494248856995428, "acc": 0.16, "acc combo": 0.18}, "cae": {"spearman": 0.23664412513650052, "acc": 0.085, "acc combo": 0.12}}