{"acc": 0.19407894736842105, "err": 0.02083010587577592}