{"shrec": {"spearman": 0.020887055985953557, "acc": 0.02937260628544903, "acc combo": 0.028653097563788803}, "pca": {"spearman": 0.01380860747517403, "acc": 0.013564659966250536, "acc combo": 0.016815171720800236}, "sfa": {"spearman": 0.021980984865590983, "acc": 0.026809513236909017, "acc combo": 0.028613807855648994}, "hn": {"spearman": 0.006073848795604007, "acc": 0.025278449319529078, "acc combo": 0.02570992026436488}, "ica": {"spearman": 0.01380860747517403, "acc": 0.013564659966250536, "acc combo": 0.016815171720800236}, "kf": {"spearman": 0.023190740894427346, "acc": 0.023979157616563593, "acc combo": 0.024269322199023197}, "cca": {"spearman": 0.021499650723373082, "acc": 0.024550967394381833, "acc combo": 0.023043437243605823}, "fpca": {"spearman": 0.011404424986341217, "acc": 0.024550967394381833, "acc combo": 0.023685438564654025}, "dca": {"spearman": 0.015506879760840472, "acc": 0.013564659966250536, "acc combo": 0.0171682847133894}, "gpfa": {"spearman": 0.011614244019485107, "acc": 0.023323807579381198, "acc combo": 0.024}, "cae": {"spearman": 0.015274290326849047, "acc": 0.020068632240389482, "acc combo": 0.02249444375840399}}